Title,Link,Description,Blogger Name,Post Date
<b>노원구 부동산</b>가압류해제  기민하게 꼼꼼하게!,https://blog.naver.com/attend4762/223466154109,"손해배상 이런 경우 가압류 해제가 됐고, 송옥이 마무리되면서 전씨는 이 제도를 이용한다고 해서 부동산 가압류 취소 신청을 할 수 있도록 한다고 했습니다. 1. <b>노원구 부동산</b>가압류해제 전씨가 맹씨와 협의해... ",attend4762님의 블로그,20240602
광운대역세권 개발 스타트로 <b>노원구 부동산</b> 출발할까?,https://blog.naver.com/ppang6/223567080563,"이러한 프로젝트는 <b>노원구</b>뿐만 아니라 서울 전체의 <b>부동산</b> 시장에도 긍정적인 영향을 미칠 것으로 예상됩니다. 결론: 광운대역세권 개발사업, 서울 동북권의 미래를 밝히다 광운대역세권 개발사업은 하반기... ",돈버는 뜨거운 얼음커피,20240831
<b>노원구부동산</b>전문변호사 갈등 해소는,https://blog.naver.com/uxmy9323/223361015398,음주운전 <b>노원구부동산</b>전문변호사 처벌 이들은 법치주의의 영역에서 살기 위해서는 기존의 생활습관과... 음주운전 <b>노원구부동산</b>전문변호사가 강제로 혐의를 입증할 필요는 없습니다.... ,[대한민국 10대 로펌] 법무법인YK✨,20240221
<b>노원구부동산</b>전문변호사 갈등 해소는,https://blog.naver.com/wcfj3635/223420676353,<b>노원구부동산</b>전문변호사 갈등 해소는 성 <b>노원구부동산</b>전문변호사 의 조언 그는 &quot;법치국가에서 살기 위해서는 생계수단과 기준을 존중하고 다른 사람들과 함께 살 것&quot;이라고 말했어요. 활동의 안전을 보장하기... ,[대한민국 10대 로펌] 법무법인YK✨010.3042.4703,20240419
8월 4주 차 주간 주택 가격 동향과 <b>노원구 부동산</b> 정책,https://blog.naver.com/chwch8744/223565413470,"바라는 <b>부동산</b> 정책인데... 이번 발표내용을 요약하면: 아파트가격동향 전국은 매매가격 0.08% 상승폭 유지 중, 전세가격은 0.07%상승 수도권은(0.17%→0.17%) 상승폭 유지 서울은(0.28%→0.26%) 상승폭 축소, <b>노원구</b>... ",thegood공인중개사 02-949-1114,20240829
<b>노원구 부동산</b>손해배상  효율성을 확인하려면!,https://blog.naver.com/spouse8944/223464468968,<b>노원구 부동산</b>손해배상 이제 피해자는 적절한 소송 절차는부동산 사정을 꿰뚫고 있는 위험을 미연에 방지하여야 하므로 우선 법조인에게 도움을 받아 손해를 입은 피해자가 손해 발생 및 업무상 계약 당사자의... ,spouse8944님의 블로그,20240531
"<b>부동산</b> 소유권 이전 등기 신청! <b>노원구</b> 길라잡이면, 혼자서도... ",https://blog.naver.com/goodnowon/222930056606,"&quot; 노원구 발행 길라잡이 개정판을 천천히 읽어 내려가는 블로그 지기, 부동산 소유권 이전 등기에 대한 두려움이 조금씩 사그라듭니다. <b>노원구 부동산</b> 정보광장 ( http://land.nowon.kr ) 길라잡이 개정판 외에도... ",노원구청 공식 블로그,20221116
<b>부동산</b>임장 <b>노원구</b> 월계동 <b>부동산</b>전망 개발호재총정리,https://blog.naver.com/hoon4261_/223333853395,#월계동부동산 #월계동재건축 #gtxc #광운대역세권개발 #공릉동부동산 #<b>노원구부동산</b> #노도강부동산... 될 노원구 월계동의 부동산전망에대해 알아보겠습니다 _월계동 입지분석 월계동의 2024년 1분기... ,.,20240125
<b>노원구부동산</b> 상황을 자세하게 말씀드릴게요,https://blog.naver.com/ricelove777/223154485383,"네이버 <b>부동산</b> 4. 개발 호재 1. 서울 <b>노원구</b> 광운대 역세권 주변 개발계획[파란색 빗금 개발 구역] 광운대 역세권 개발 호텔 업무시설, 수영장 2028년 완공 추진 <b>노원구</b> 최대 사업 동부 간선도로 지하화 교통난... ",부동산 임장 강의,20230712
<b>노원구 부동산</b>거래 동향,https://blog.naver.com/best__no1/223555617699,아이러니하게도 노원구는 시장의 움직임보다 한발짝씩 늦게 반응이오는 동네인데 시장이 한바퀴돌고나서 <b>노원구 부동산</b> 움찔거리면 금리나 규제같은 대책이 나오고 있습니다 그래서 결국 시장이 시원하게... ,베스트부동산,20240821
